games-hobbies-hobbies,https://itunes.apple.com/us/genre/podcasts-games-hobbies-hobbies/id1460?mt=2&letter=A&page=1
games-hobbies-hobbies,https://itunes.apple.com/us/genre/podcasts-games-hobbies-hobbies/id1460?mt=2&letter=A&page=2
games-hobbies-hobbies,https://itunes.apple.com/us/genre/podcasts-games-hobbies-hobbies/id1460?mt=2&letter=A&page=3
games-hobbies-hobbies,https://itunes.apple.com/us/genre/podcasts-games-hobbies-hobbies/id1460?mt=2&letter=B&page=1
games-hobbies-hobbies,https://itunes.apple.com/us/genre/podcasts-games-hobbies-hobbies/id1460?mt=2&letter=C&page=1
games-hobbies-hobbies,https://itunes.apple.com/us/genre/podcasts-games-hobbies-hobbies/id1460?mt=2&letter=C&page=2
games-hobbies-hobbies,https://itunes.apple.com/us/genre/podcasts-games-hobbies-hobbies/id1460?mt=2&letter=C&page=3
games-hobbies-hobbies,https://itunes.apple.com/us/genre/podcasts-games-hobbies-hobbies/id1460?mt=2&letter=D&page=1
games-hobbies-hobbies,https://itunes.apple.com/us/genre/podcasts-games-hobbies-hobbies/id1460?mt=2&letter=E&page=1
games-hobbies-hobbies,https://itunes.apple.com/us/genre/podcasts-games-hobbies-hobbies/id1460?mt=2&letter=F&page=1
games-hobbies-hobbies,https://itunes.apple.com/us/genre/podcasts-games-hobbies-hobbies/id1460?mt=2&letter=G&page=1
games-hobbies-hobbies,https://itunes.apple.com/us/genre/podcasts-games-hobbies-hobbies/id1460?mt=2&letter=G&page=2
games-hobbies-hobbies,https://itunes.apple.com/us/genre/podcasts-games-hobbies-hobbies/id1460?mt=2&letter=G&page=3
games-hobbies-hobbies,https://itunes.apple.com/us/genre/podcasts-games-hobbies-hobbies/id1460?mt=2&letter=H&page=1
games-hobbies-hobbies,https://itunes.apple.com/us/genre/podcasts-games-hobbies-hobbies/id1460?mt=2&letter=I&page=1
games-hobbies-hobbies,https://itunes.apple.com/us/genre/podcasts-games-hobbies-hobbies/id1460?mt=2&letter=J&page=1
games-hobbies-hobbies,https://itunes.apple.com/us/genre/podcasts-games-hobbies-hobbies/id1460?mt=2&letter=K&page=1
games-hobbies-hobbies,https://itunes.apple.com/us/genre/podcasts-games-hobbies-hobbies/id1460?mt=2&letter=L&page=1
games-hobbies-hobbies,https://itunes.apple.com/us/genre/podcasts-games-hobbies-hobbies/id1460?mt=2&letter=M&page=1
games-hobbies-hobbies,https://itunes.apple.com/us/genre/podcasts-games-hobbies-hobbies/id1460?mt=2&letter=N&page=1
games-hobbies-hobbies,https://itunes.apple.com/us/genre/podcasts-games-hobbies-hobbies/id1460?mt=2&letter=O&page=1
games-hobbies-hobbies,https://itunes.apple.com/us/genre/podcasts-games-hobbies-hobbies/id1460?mt=2&letter=P&page=1
games-hobbies-hobbies,https://itunes.apple.com/us/genre/podcasts-games-hobbies-hobbies/id1460?mt=2&letter=P&page=2
games-hobbies-hobbies,https://itunes.apple.com/us/genre/podcasts-games-hobbies-hobbies/id1460?mt=2&letter=P&page=3
games-hobbies-hobbies,https://itunes.apple.com/us/genre/podcasts-games-hobbies-hobbies/id1460?mt=2&letter=Q&page=1
games-hobbies-hobbies,https://itunes.apple.com/us/genre/podcasts-games-hobbies-hobbies/id1460?mt=2&letter=R&page=1
games-hobbies-hobbies,https://itunes.apple.com/us/genre/podcasts-games-hobbies-hobbies/id1460?mt=2&letter=S&page=1
games-hobbies-hobbies,https://itunes.apple.com/us/genre/podcasts-games-hobbies-hobbies/id1460?mt=2&letter=S&page=2
games-hobbies-hobbies,https://itunes.apple.com/us/genre/podcasts-games-hobbies-hobbies/id1460?mt=2&letter=S&page=3
games-hobbies-hobbies,https://itunes.apple.com/us/genre/podcasts-games-hobbies-hobbies/id1460?mt=2&letter=T&page=1
games-hobbies-hobbies,https://itunes.apple.com/us/genre/podcasts-games-hobbies-hobbies/id1460?mt=2&letter=T&page=2
games-hobbies-hobbies,https://itunes.apple.com/us/genre/podcasts-games-hobbies-hobbies/id1460?mt=2&letter=T&page=3
games-hobbies-hobbies,https://itunes.apple.com/us/genre/podcasts-games-hobbies-hobbies/id1460?mt=2&letter=U&page=1
games-hobbies-hobbies,https://itunes.apple.com/us/genre/podcasts-games-hobbies-hobbies/id1460?mt=2&letter=V&page=1
games-hobbies-hobbies,https://itunes.apple.com/us/genre/podcasts-games-hobbies-hobbies/id1460?mt=2&letter=W&page=1
games-hobbies-hobbies,https://itunes.apple.com/us/genre/podcasts-games-hobbies-hobbies/id1460?mt=2&letter=X&page=1
games-hobbies-hobbies,https://itunes.apple.com/us/genre/podcasts-games-hobbies-hobbies/id1460?mt=2&letter=Y&page=1
games-hobbies-hobbies,https://itunes.apple.com/us/genre/podcasts-games-hobbies-hobbies/id1460?mt=2&letter=Z&page=1
games-hobbies-hobbies,https://itunes.apple.com/us/genre/podcasts-games-hobbies-hobbies/id1460?mt=2&letter=*&page=1
